title,image_url,rating,price,result_type
Apple 2026 MacBook Neo 13″ Laptop with A18...,https://m.media-amazon.com/images/I/61vTx-Qa1QL._AC_UY218_.jpg,4.7 out of 5 stars,₹65700.00,Ad
Apple 2026 MacBook Pro Laptop with M5 Max...,https://m.media-amazon.com/images/I/61h78UMEXjL._AC_UY218_.jpg,4.3 out of 5 stars,₹499900.00,Ad
"Acer Aspire Lite 12th Gen, Intel Core i5-12450H,...",https://m.media-amazon.com/images/I/81qzE9lsXkL._AC_UY218_.jpg,4.0 out of 5 stars,₹49990.00,Organic
"acer SmartChoice Aspire Lite, AMD Ryzen 5-5625U Processor,...",https://m.media-amazon.com/images/I/718UBZxpxrL._AC_UY218_.jpg,4.0 out of 5 stars,₹45990.00,Organic
𝗛𝗣𝗲𝗹𝗶𝘁𝗲𝗯𝗼𝗼𝗸Model 440 G3 Business Laptop | InteI i5...,https://m.media-amazon.com/images/I/61BYfPSEqWL._AC_UY218_.jpg,,₹23900.00,Organic
Lenovo V15 G4 AMD Athlon Silver 7120U Laptop...,https://m.media-amazon.com/images/I/61AccNkmFFL._AC_UY218_.jpg,4.0 out of 5 stars,₹41999.00,Organic
"HP 15, 13th Gen Intel Core i3-1315U Laptop...",https://m.media-amazon.com/images/I/61R5Ecv7i-L._AC_UY218_.jpg,4.2 out of 5 stars,₹50150.00,Organic
HP 255R G10 Notebook (AMD Athlon Silver 7120U...,https://m.media-amazon.com/images/I/71rDlgf2Q6L._AC_UY218_.jpg,,₹40890.00,Organic
"ASUS Vivobook 15, Smartchoice,Intel Core i3 13th Gen...",https://m.media-amazon.com/images/I/61JUHhbEMxL._AC_UY218_.jpg,4.2 out of 5 stars,₹50990.00,Organic
𝗟𝗲𝗻𝗼𝘃𝗼Model L14 | 𝗜𝗡𝗧𝗘𝗟i5 11th Gen Processor |...,https://m.media-amazon.com/images/I/51z1n2GulaL._AC_UY218_.jpg,,₹23995.00,Organic
"Primebook 2 Pro (2026) | 8GB RAM, 128GB...",https://m.media-amazon.com/images/I/51CIIx6l+VL._AC_UY218_.jpg,4.3 out of 5 stars,₹24980.00,Ad
"Primebook 2 Max (2026) | 8GB RAM, 256GB...",https://m.media-amazon.com/images/I/51JTBldTCXL._AC_UY218_.jpg,4.3 out of 5 stars,₹28990.00,Ad
"Dell 15 (Previously Inspiron) Laptop, 14th Gen Intel...",https://m.media-amazon.com/images/I/717WZ7WriwL._AC_UY218_.jpg,4.1 out of 5 stars,₹46490.00,Organic
"BrowseBook 14.1"" FHD IPS Laptop | Best Student...",https://m.media-amazon.com/images/I/71h+7L8gcrL._AC_UY218_.jpg,2.7 out of 5 stars,₹21990.00,Organic
𝗗𝗲𝗹𝗹Laptop Model 5420 |𝗜𝗡𝗧𝗘𝗟i5 11th Gen Processor |8GB...,https://m.media-amazon.com/images/I/51LHNjAjH9L._AC_UY218_.jpg,1.0 out of 5 stars,₹28999.00,Organic
"Lenovo IdeaPad 1 AMD Ryzen 5 5500U 15.6""...",https://m.media-amazon.com/images/I/71xHNSCyRsL._AC_UY218_.jpg,4.1 out of 5 stars,₹47461.00,Organic
Lenovo V15 G4 AMD Ryzen 5 7520U 15.6...,https://m.media-amazon.com/images/I/71aup0IO2ZL._AC_UY218_.jpg,4.0 out of 5 stars,₹51690.00,Organic
"Dell 15, Intel Core i3/Core 3 14th Gen-100U,...",https://m.media-amazon.com/images/I/71I4NoKj-oL._AC_UY218_.jpg,3.8 out of 5 stars,₹49990.00,Organic
Acer Aspire 3 Laptop Intel Core Celeron N4500...,https://m.media-amazon.com/images/I/41bdNUDc8pL._AC_UY218_.jpg,3.6 out of 5 stars,₹36990.00,Organic
Lenovo Smartchoice IdeaPad Slim 3 13th Gen Intel...,https://m.media-amazon.com/images/I/61OT67QVEgL._AC_UY218_.jpg,3.9 out of 5 stars,₹46990.00,Organic
Apple 2026 MacBook Air 13″ Laptop with M5...,https://m.media-amazon.com/images/I/71eX66ytH+L._AC_UY218_.jpg,4.6 out of 5 stars,₹112700.00,Ad
"Lenovo ThinkBook 16, Intel Core Ultra 9 185H,...",https://m.media-amazon.com/images/I/511EukRBJzL._AC_UY218_.jpg,5.0 out of 5 stars,₹94990.00,Ad
Lenovo Ideapad 5 2-in-1 13th Gen Core i5-13420H...,https://m.media-amazon.com/images/I/61XOR7fpbVL._AC_UY218_.jpg,4.2 out of 5 stars,₹79490.00,Organic
"HP 15 Smartchoice, 13th Gen Intel Core i3-1315U...",https://m.media-amazon.com/images/I/71FXHAM+jWL._AC_UY218_.jpg,4.2 out of 5 stars,₹52690.00,Organic
"ASUS Vivobook 15, 13th Gen, Intel Core i3-1315U,...",https://m.media-amazon.com/images/I/71OUu3JeNIL._AC_UY218_.jpg,4.2 out of 5 stars,₹52990.00,Organic
Lenovo Yoga Slim 7 Intel Core Ultra 7...,https://m.media-amazon.com/images/I/81xbSMHZ0UL._AC_UY218_.jpg,4.8 out of 5 stars,₹119990.00,Organic
Lenovo IdeaPad Slim 3 13th Gen Core i5-13420H...,https://m.media-amazon.com/images/I/71D9HSayVSL._AC_UY218_.jpg,2.3 out of 5 stars,₹65700.00,Ad
"Dell Inspiron 3530, Intel Core i7 13th Gen...",https://m.media-amazon.com/images/I/615Lg0FU5bL._AC_UY218_.jpg,3.8 out of 5 stars,₹81490.00,Organic
"ASUS TUF A16 (2026), AMD Ryzen 7 170...",https://m.media-amazon.com/images/I/710T7opADkL._AC_UY218_.jpg,4.5 out of 5 stars,₹99990.00,Organic
"Dell G Series, 13th Gen Intel Core i5-13450HX,...",https://m.media-amazon.com/images/I/71FJAKQJ0JL._AC_UY218_.jpg,4.0 out of 5 stars,₹78990.00,Organic
"MSI Thin 15, Intel 13th Gen. i5-13420H, 40CM...",https://m.media-amazon.com/images/I/51w9ar5n+UL._AC_UY218_.jpg,4.2 out of 5 stars,₹66990.00,Organic
"HP 15, Intel Core 5-120U (16GB DDR4, 512GB...",https://m.media-amazon.com/images/I/71Go8vTBwXL._AC_UY218_.jpg,3.9 out of 5 stars,₹63490.00,Organic
"HP 15 Laptop, AMD Ryzen 5 7520U (16GB...",https://m.media-amazon.com/images/I/71-8y5gh4bL._AC_UY218_.jpg,4.2 out of 5 stars,₹55490.00,Organic
"acer Aspire Lite, AMD Ryzen 3 5300U Processor,...",https://m.media-amazon.com/images/I/513p8BwV-RL._AC_UY218_.jpg,4.0 out of 5 stars,₹46990.00,Organic
"ASUS Vivobook Go 15 (2025), AMD Ryzen 5...",https://m.media-amazon.com/images/I/61EDWCjLk8L._AC_UY218_.jpg,4.2 out of 5 stars,₹53989.00,Organic
acer Aspire Lite 12th Gen Intel Core i3-1215U...,https://m.media-amazon.com/images/I/71JEGsayyGL._AC_UY218_.jpg,4.1 out of 5 stars,₹46990.00,Organic
"ASUS Zenbook 14 (2026),Smartchoice,Intel Core Ultra 9 285H,32GB...",https://m.media-amazon.com/images/I/61tjQ9CkAhL._AC_UY218_.jpg,,₹124990.00,Organic
"HP 15, AMD Ryzen 3 7320U (8GB LPDDR5,...",https://m.media-amazon.com/images/I/71JcEk00fqL._AC_UY218_.jpg,4.2 out of 5 stars,₹47990.00,Organic
Apple 2026 MacBook Air 13″ laptop with M5...,https://m.media-amazon.com/images/I/71OjWwgFuEL._AC_UY218_.jpg,5.0 out of 5 stars,₹119900.00,Ad
HP Professional 14 (2026) – Intel Core 5...,https://m.media-amazon.com/images/I/51oZp2EkLjL._AC_UY218_.jpg,5.0 out of 5 stars,₹61999.00,Organic
𝗗𝗲𝗹𝗹Laptop Model 5400 | 𝗜𝗡𝗧𝗘𝗟i5 8th Gen Processor...,https://m.media-amazon.com/images/I/31q2-8TNSZL._AC_UY218_.jpg,,₹25800.00,Organic
"HP 15, AMD Ryzen 5 7520U (8GB LPDDR5,...",https://m.media-amazon.com/images/I/71GVVSSUsML._AC_UY218_.jpg,,₹52690.00,Organic
"acer Aspire 14, 13th Gen, Intel Core i7-13620H...",https://m.media-amazon.com/images/I/71SC8V59NjL._AC_UY218_.jpg,3.7 out of 5 stars,₹65990.00,Organic
𝗗𝗲𝗹𝗹Laptop Model 5420 | 𝗜𝗡𝗧𝗘𝗟i5 11th Gen Processor...,https://m.media-amazon.com/images/I/51LHNjAjH9L._AC_UY218_.jpg,5.0 out of 5 stars,₹30490.00,Organic
"Lenovo ThinkBook 16, AMD Ryzen 5 7535HS, 16GB...",https://m.media-amazon.com/images/I/51+50luRJkL._AC_UY218_.jpg,4.1 out of 5 stars,₹61377.00,Ad
Lenovo Legion Pro 7 2025 Intel Core Ultra...,https://m.media-amazon.com/images/I/81c6CME0d9L._AC_UY218_.jpg,5.0 out of 5 stars,₹472490.00,Organic
"ASUS Gaming V16 (2025) 14th Gen,Intel Core 7...",https://m.media-amazon.com/images/I/71YeigfZCuL._AC_UY218_.jpg,4.4 out of 5 stars,₹99990.00,Organic
"acer Predator Helios 16 AI, Intel Core Ultra...",https://m.media-amazon.com/images/I/51q3f4NuyIL._AC_UY218_.jpg,3.2 out of 5 stars,₹440999.00,Organic
"Alienware 18 Area-51 Gaming Laptop, AI Enabled Core...",https://m.media-amazon.com/images/I/71VfI6VCi2L._AC_UY218_.jpg,5.0 out of 5 stars,₹412490.00,Organic
"MSI Raider 18, Intel Series 2 Core Ultra...",https://m.media-amazon.com/images/I/71oTMGyCbhL._AC_UY218_.jpg,3.0 out of 5 stars,₹499990.00,Organic
"MSI Raider Gaming Laptop,Intel Core Ultra 9 285HX+24GB...",https://m.media-amazon.com/images/I/51oVfg0-3TL._AC_UY218_.jpg,,₹518380.00,Organic
"Dell Alienware x15 R1 Gaming Laptop, Intel Core...",https://m.media-amazon.com/images/I/61J++6x4ezL._AC_UY218_.jpg,,₹247990.00,Organic
HP Business Laptop (2026) AMD Ryzen 5 7535U...,https://m.media-amazon.com/images/I/51JfDmvAvkL._AC_UY218_.jpg,5.0 out of 5 stars,₹47150.00,Organic
"Lenovo IdeaPad Slim 3, 13th Gen Intel Core...",https://m.media-amazon.com/images/I/71D9HSayVSL._AC_UY218_.jpg,4.2 out of 5 stars,₹74990.00,Ad
"Alienware 16X Aurora Gaming Laptop, AI Enabled Intel...",https://m.media-amazon.com/images/I/71dwZTo0yUL._AC_UY218_.jpg,,₹239490.00,Organic
Lenovo Legion 5 2025 AMD Ryzen 7 260...,https://m.media-amazon.com/images/I/81bFm8boj5L._AC_UY218_.jpg,3.1 out of 5 stars,₹161500.00,Organic
acer TravelLite Thin Laptop AMD Ryzen 3 5400U...,https://m.media-amazon.com/images/I/71VR5f3I7pL._AC_UY218_.jpg,1.0 out of 5 stars,₹40990.00,Organic
Apple 2026 MacBook Pro Laptop with M5 Pro...,https://m.media-amazon.com/images/I/61+jOMbYhYL._AC_UY218_.jpg,5.0 out of 5 stars,₹291300.00,Organic
Lenovo Legion 7 2025 Intel Core Ultra 9...,https://m.media-amazon.com/images/I/71QW0QofZeL._AC_UY218_.jpg,,₹232490.00,Organic
"Lenovo LOQ Intel Core i7-13650HX 15.6"" (39.6cm) 144Hz...",https://m.media-amazon.com/images/I/817OmCfodvL._AC_UY218_.jpg,3.0 out of 5 stars,₹96484.00,Organic
"Lenovo Legion 7 Intel Core i9-12900HX 16"" (40.64cm)...",https://m.media-amazon.com/images/I/81i0-7HgSmL._AC_UY218_.jpg,5.0 out of 5 stars,₹376990.00,Organic
"ASUS ROG Strix SCAR 18,Intel Core Ultra 9...",https://m.media-amazon.com/images/I/61Rq2G4xnwL._AC_UY218_.jpg,,₹499990.00,Organic
"Lenovo Legion 9 Intel Core i9-13980HX 16"" (40.64cm)...",https://m.media-amazon.com/images/I/71504Quh3sL._AC_UY218_.jpg,2.6 out of 5 stars,₹449664.00,Organic
"ASUS TUF A15 (2026),AMD Ryzen 7 170, RTX...",https://m.media-amazon.com/images/I/61HKuSjpWcL._AC_UY218_.jpg,,₹99990.00,Organic
"HP Victus, Intel Core 7 240H, 8GB RTX...",https://m.media-amazon.com/images/I/71cW4VF6BkL._AC_UY218_.jpg,4.1 out of 5 stars,₹124319.00,Organic
"HP Omen, AMD Ryzen AI 7 350, 8GB...",https://m.media-amazon.com/images/I/71L-15NzerL._AC_UY218_.jpg,4.5 out of 5 stars,₹156990.00,Organic
"MSI Cyborg 15, Intel 12th Gen. i5-12450H, 40CM...",https://m.media-amazon.com/images/I/61UQ4m-H+yL._AC_UY218_.jpg,4.6 out of 5 stars,₹68990.00,Organic
"ASUS TUF A16,AMD Ryzen 9 8940HX, Gaming Laptop(RTX...",https://m.media-amazon.com/images/I/71vog9Fy81L._AC_UY218_.jpg,4.7 out of 5 stars,₹189990.00,Organic
HP 14 AI PC Intel Core Ultra 7...,https://m.media-amazon.com/images/I/71+5idlIHgL._AC_UY218_.jpg,3.9 out of 5 stars,₹88390.00,Organic
"ASUS ROG Strix G16 (2025), AMD Ryzen 9...",https://m.media-amazon.com/images/I/71KmP-oCBBL._AC_UY218_.jpg,3.8 out of 5 stars,₹159990.00,Organic
"Acer Aspire Lite, AMD Ryzen 3-7330U, Office 2024...",https://m.media-amazon.com/images/I/513p8BwV-RL._AC_UY218_.jpg,,₹44990.00,Organic
